AK-1,AK
AK-2,AK
AK-3,AK
AK-4,AK
AK-5,AK
AK-6,AK
AK-7,AK
AK-8,AK
AK-9,AK
AK-10,AK
AK-11,AK
AK-12,AK
AK-13,AK
AK-14,AK
AK-15,AK
AK-16,AK
AK-17,AK
AK-18,AK
AK-19,AK
AK-20,AK
AK-21,AK
AK-22,AK
AK-23,AK
AK-24,AK
AK-25,AK
AK-26,AK
AK-27,AK
AK-28,AK
AK-29,AK
AK-30,AK
AK-31,AK
AK-32,AK
AK-33,AK
AK-34,AK
AK-35,AK
AK-36,AK
AK-37,AK
AK-38,AK
AK-39,AK
AK-40,AK
AK-41,AK
AK-42,AK
AK-43,AK
AK-44,AK
AK-45,AK
AK-46,AK
AK-47,AK
AK-48,AK
AK-49,AK
AK-50,AK
AK-51,AK
AK-52,AK
AK-53,AK
AK-54,AK
AK-55,AK
AK-56,AK
AK-57,AK
AK-58,AK
AK-59,AK
AK-60,AK
AK-61,AK
AK-62,AK
AK-63,AK
AK-64,AK
AK-65,AK
AK-66,AK
AK-67,AK
AK-68,AK
AK-69,AK
AK-70,AK
AK-71,AK
AK-72,AK
AK-73,AK
AK-74,AK
AK-75,AK
AK-76,AK
AK-77,AK
AK-78,AK
AK-79,AK
AK-80,AK
AK-81,AK
AK-82,AK
AK-83,AK
AK-84,AK
AK-85,AK
AK-86,AK
AK-87,AK
AK-88,AK
AK-89,AK
AK-90,AK
AK-91,AK
AK-92,AK
AK-93,AK
AK-94,AK
AK-95,AK
AK-96,AK
AK-97,AK
AK-98,AK
AK-99,AK
AK-100,AK
AK-101,AK
AK-102,AK
AK-103,AK
AK-104,AK
AK-105,AK
KS-1,KS
KS-2,KS
KS-3,KS
KS-4,KS
KS-5,KS
KS-6,KS
KS-7,KS
KS-8,KS
KS-9,KS
KS-10,KS
KS-11,KS
KS-12,KS
KS-13,KS
KS-14,KS
KS-15,KS
KS-16,KS
KS-17,KS
KS-18,KS
KS-19,KS
KS-20,KS
KS-21,KS
KS-22,KS
KS-23,KS
KS-24,KS
KS-25,KS
KS-26,KS
KS-27,KS
KS-28,KS
KS-29,KS
KS-30,KS
KS-31,KS
KS-32,KS
KS-33,KS
KS-34,KS
KS-35,KS
KS-36,KS
KS-37,KS
KS-38,KS
KS-39,KS
KS-40,KS
KS-41,KS
KS-42,KS
KS-43,KS
KS-44,KS
KS-45,KS
KS-46,KS
KS-47,KS
KS-48,KS
KS-49,KS
KS-50,KS
KS-51,KS
KS-52,KS
KS-53,KS
KS-54,KS
KS-55,KS
KS-56,KS
KS-57,KS
KS-58,KS
KS-59,KS
KS-60,KS
KS-61,KS
KS-62,KS
KS-63,KS
KS-64,KS
KS-65,KS
KS-66,KS
KS-67,KS
KS-68,KS
KS-69,KS
KS-70,KS
KS-71,KS
KS-72,KS
KS-73,KS
KS-74,KS
KS-75,KS
KS-76,KS
KS-77,KS
KS-78,KS
KS-79,KS
KS-80,KS
KS-81,KS
KS-82,KS
KS-83,KS
KS-84,KS
KS-85,KS
KS-86,KS
KS-87,KS
KS-88,KS
KS-89,KS
KS-90,KS
KS-91,KS
KS-92,KS
KS-93,KS
KS-94,KS
KS-95,KS
KS-96,KS
KS-97,KS
KS-98,KS
KS-99,KS
KS-100,KS
KS-101,KS
KS-102,KS
KS-103,KS
KS-104,KS
KS-105,KS
Bareeza Net,China Net
Can Can Net,China Net
Kasab China Net,China Net
Bareeza Net Kaala,China Net Rangdaar
Kasab Net Kaala,China Net Rangdaar
China Tissue,China Tissue
6A Bara Crinkle,Crinkle
6A Chota Crinkle,Crinkle
7A Multi Crinkle,Crinkle
Brown Rose Crinkle,Crinkle
Classic Crinkle,Crinkle
Diamond PK Crinkle,Crinkle
Double Saima Crinkle,Crinkle
Hoor-E-Arab Crinkle,Crinkle
M Crinkle,Crinkle
Miss Pakistan Crinkle,Crinkle
Miss World Crinkle,Crinkle
Nayaab Crinkle,Crinkle
NN Bindi Crinkle,Crinkle
Nokia Crinkle,Crinkle
Red Rose Crinkle,Crinkle
Sohnee Crinkle,Crinkle
Special Crinkle,Crinkle
White Rose Crinkle,Crinkle
Dupatta Maria B. 4 Border White,Dupatta
Orgenza Tilla Line White,Dupatta
4 Border Rangoli,Dupatta
Orgenza 2 Border,Dupatta
Orgenza 2 Border Tilla,Dupatta
2-A China Kataan,Kataan
3-A China Kataan,Kataan
A-China Kataan,Kataan
Queen Kataan Labba,Kataan
China Kataan,Kataan
Khadi Net Dupatta,Khaadi Net
Khadi Net Kameez,Khaadi Net
Lorex Orgenza Jaal,Orgenza
Orgenza Check,Orgenza
Orgenza Check Tilla,Orgenza
Orgenza Loose Bhadia 2A,Orgenza
Orgenza Masoori,Orgenza
Orgenza Patti,Orgenza
Orgenza Pure Saada,Orgenza
Orgenza Saada Grw,Orgenza
Orgenza Water Jet Khulli Kinari,Orgenza
Orgenza Barosha Kameez,Orgenza
Orgenza Barosha Dupatta,Orgenza
Orgenza 4 Border Rangdaar,Orgenza
Orgenza Lorex Bindi,Orgenza
Orgenza Rangoli Tilla,Orgenza
Orgenza Tilla Line All over,Orgenza
Orgenza Jaal Rangdaar,Orgenza
Orgenza Masoori Tilla,Orgenza Masoori
Malai Patti,Patti
Orgenza Golden Patti,Patti
Barfi Slub,Raw Silk / Slub
Golden Slub,Raw Silk / Slub
Gulaab Slub,Raw Silk / Slub
Indian Bhari Slub,Raw Silk / Slub
Ravi Slub,Raw Silk / Slub
Raw Silk Labba,Raw Silk / Slub
Sun Slub,Raw Silk / Slub
5 Star Slub,Raw Silk / Slub
5 Star Shameez,Resham Shameez
F-16 Shameez,Resham Shameez
Katrina Resham Kataan,Resham Shameez
Koriya Shameez,Resham Shameez
Resham Shameez,Resham Shameez
Resham Shameez Bhadia,Resham Shameez
Decent Russian,Russian
KK Russian,Russian
Malai Russian,Russian
McDonald Russian,Russian
Queen Russian,Russian
Rasmalai Russian,Russian
Shawl Moos,Russian
Supreme Russian,Russian
Sweet Russian,Russian
Double Super Russian,Russian
Gulaab Jamun,Russian
China Silk Shafoon,Shafoon
Double Red Rose Shafoon,Shafoon
Karatey Shafoon,Shafoon
Viscose Loose Shuttle-less,Viscose
Viscose Loose Kanni Kataan,Viscose
Paper Cotton,Paper Cotton
Masoori Paris,Masoori
Orgenza Slub,Orgenza Slub
Orgenza Net Slub,Orgenza Slub
USB Self,Self Shafoon
Orgenza Multi Barosha,Barosha
Orgenza Barosha Rangdaar,Barosha